date,equity
2016-09-12,3330000000.0
2016-09-13,3330104990.448492
2016-09-14,3330011057.897737
2016-09-19,3330190626.817448
2016-09-20,3330203419.0934467
2016-09-21,3330278992.6523004
2016-09-22,3330400786.8347583
2016-09-23,3330369047.6687446
2016-09-26,3330134128.983057
2016-09-27,3330292980.979518
2016-09-28,3330299021.5534763
2016-09-29,3330271387.6456656
2016-09-30,3330298702.444267
2016-10-10,3330503349.7345033
2016-10-11,3330613223.415037
2016-10-12,3330625911.1709743
2016-10-13,3330632257.071882
2016-10-14,3330575406.1071143
2016-10-17,3330428746.0969176
2016-10-18,3330600470.037331
2016-10-19,3330559146.3462496
2016-10-20,3330584760.526267
2016-10-21,3330401270.780496
2016-10-24,3330681970.151909
2016-10-25,3330745925.7148414
2016-10-26,3330661616.381559
2016-10-27,3330548131.857617
2016-10-28,3330321043.814377
2016-10-31,3330385685.5663133
2016-11-01,3330635335.307831
2016-11-02,3330562592.58771
2016-11-03,3330620259.787445
2016-11-04,3330554203.832322
2016-11-07,3330576103.9505024
2016-11-08,3330747121.311478
2016-11-09,3330626287.4161625
2016-11-10,3330989801.2797384
2016-11-11,3331181248.6295757
2016-11-14,3331290158.6568694
2016-11-15,3331462158.5089884
2016-11-16,3331631723.556612
2016-11-17,3331693713.3482656
2016-11-18,3331548923.3409214
2016-11-21,3331520226.793239
2016-11-22,3331672147.650314
2016-11-23,3331572327.913436
2016-11-24,3331375892.9592667
2016-11-25,3331377189.2917995
2016-11-28,3331507049.850249
2016-11-29,3331167721.806363
2016-11-30,3330934019.5337224
2016-12-01,3331064735.7614856
2016-12-02,3330518125.6689982
2016-12-05,3330375530.385395
2016-12-06,3330477972.868044
2016-12-07,3330899017.745036
2016-12-08,3330665007.4181647
2016-12-09,3330623487.6209064
2016-12-12,3329190063.6101847
2016-12-13,3329402365.8146896
2016-12-14,3329265526.494254
2016-12-15,3329533865.142376
2016-12-16,3329873420.775161
2016-12-19,3329770464.472438
2016-12-20,3329670852.7115474
2016-12-21,3329818513.109274
2016-12-22,3329702725.097501
2016-12-23,3329414765.676005
2016-12-26,3329480281.6673055
2016-12-27,3329516194.3079805
2016-12-28,3329376155.9215083
2016-12-29,3329198052.913183
2016-12-30,3329176920.2464933
2017-01-03,3329492967.157031
2017-01-04,3329871604.5305476
2017-01-05,3329844846.355476
2017-01-06,3329588279.9512672
2017-01-09,3329806228.7964993
2017-01-10,3329775496.406686
2017-01-11,3329288860.616122
2017-01-12,3328849850.08868
2017-01-13,3328190585.840042
2017-01-16,3326400207.1193113
2017-01-17,3326493004.227458
2017-01-18,3326469902.796397
2017-01-19,3326297176.443377
2017-01-20,3326777245.2249665
2017-01-23,3327120156.0338597
2017-01-24,3327062587.403483
2017-01-25,3327070508.8208175
2017-01-26,3327271502.4187174
2017-02-03,3327217111.755195
2017-02-06,3327462070.799618
2017-02-07,3327632077.6422668
2017-02-08,3327744738.9064326
2017-02-09,3328047625.7394004
2017-02-10,3327920983.784958
2017-02-13,3328076217.9321437
2017-02-14,3327965729.0330887
2017-02-15,3327515081.8182583
2017-02-16,3327817448.5209136
2017-02-17,3327411211.0612435
2017-02-20,3327638855.124987
2017-02-21,3327917314.6895337
2017-02-22,3327982690.693993
2017-02-23,3327807558.067128
2017-02-24,3327840383.9750433
2017-02-27,3327625990.628411
2017-02-28,3327790203.097072
2017-03-01,3327865935.163367
2017-03-02,3327529972.725961
2017-03-03,3327645066.053841
2017-03-06,3327961443.2440705
2017-03-07,3328033605.532265
2017-03-08,3327887546.9046497
2017-03-09,3327580621.053716
2017-03-10,3327483258.262293
2017-03-13,3327591277.6605663
2017-03-14,3327508925.1128936
2017-03-15,3327399774.236878
2017-03-16,3327806403.8796425
2017-03-17,3327568259.1863637
2017-03-20,3327777922.482717
2017-03-21,3327733081.90767
2017-03-22,3327380472.842369
2017-03-23,3327347459.2033257
2017-03-24,3327289041.3442883
2017-03-27,3327099670.656411
2017-03-28,3326967968.6354237
2017-03-29,3326522306.170293
2017-03-30,3325360849.275941
2017-03-31,3325525258.121343
2017-04-05,3326597108.0939975
2017-04-06,3326716129.1977935
2017-04-07,3326770926.194752
2017-04-10,3326455397.861701
2017-04-11,3326684974.324008
2017-04-12,3326199247.439641
2017-04-13,3326350952.853071
2017-04-14,3325847756.772739
2017-04-17,3324719970.2594123
2017-04-18,3324170791.1809244
2017-04-19,3323134606.064599
2017-04-20,3322912794.311359
2017-04-21,3322636810.886679
2017-04-24,3321441403.6456366
2017-04-25,3321441014.082499
2017-04-26,3321468112.3291736
2017-04-27,3321565236.329813
2017-04-28,3321855237.256592
2017-05-02,3321793737.6219277
2017-05-03,3321669460.542467
2017-05-04,3321562269.386419
2017-05-05,3320973413.16282
2017-05-08,3319604935.928061
2017-05-09,3319587521.5263615
2017-05-10,3318559591.050116
2017-05-11,3318124868.186619
2017-05-12,3318033128.007898
2017-05-15,3318124068.8000464
2017-05-16,3318854381.97275
2017-05-17,3319038822.2427955
2017-05-18,3318601244.3919196
2017-05-19,3318601212.862547
2017-05-22,3317800444.195586
2017-05-23,3316098218.251732
2017-05-24,3316153596.3830934
2017-05-25,3316751710.396764
2017-05-26,3316795960.7183585
2017-05-31,3316557862.980819
2017-06-01,3314710659.643117
2017-06-02,3315666928.105969
2017-06-05,3316345164.5469975
2017-06-06,3316681402.1686664
2017-06-07,3318216188.859249
2017-06-08,3318284421.8034196
2017-06-09,3318245919.8325663
2017-06-12,3316920920.0040736
2017-06-13,3318117593.680666
2017-06-14,3317715946.747421
2017-06-15,3318469021.6398673
2017-06-16,3318297726.2603955
2017-06-19,3318863067.5387244
2017-06-20,3318681351.9981613
2017-06-21,3318609871.693935
2017-06-22,3317309304.254662
2017-06-23,3317291353.5487447
2017-06-26,3318758710.900103
2017-06-27,3318768875.070975
2017-06-28,3318309424.9365163
2017-06-29,3318403943.90378
2017-06-30,3318640637.3962746
2017-07-03,3318985994.3669806
2017-07-04,3318746172.8308682
2017-07-05,3319126846.7044983
2017-07-06,3318977776.8860645
2017-07-07,3318875926.837099
2017-07-10,3318523272.6725845
2017-07-11,3317528534.839555
2017-07-12,3316921974.8621645
2017-07-13,3317148355.816123
2017-07-14,3316504121.178337
2017-07-17,3310914717.9719605
2017-07-18,3311838632.083221
2017-07-19,3313778894.9921923
2017-07-20,3314358677.814899
2017-07-21,3314182499.718672
2017-07-24,3314774560.645363
2017-07-25,3314225686.0823913
2017-07-26,3313931430.975475
2017-07-27,3314605610.452094
2017-07-28,3314637751.7026935
2017-07-31,3314912552.855319
2017-08-01,3314908212.815018
2017-08-02,3314175336.938694
2017-08-03,3314240682.6669846
2017-08-04,3313764040.762697
2017-08-07,3314233785.2583165
2017-08-08,3314293621.9152083
2017-08-09,3314402129.025634
2017-08-10,3313317117.859296
2017-08-11,3311160176.8257427
2017-08-14,3313337625.8038864
2017-08-15,3313430226.5170946
2017-08-16,3313571192.1374297
2017-08-17,3314291309.5785217
2017-08-18,3314154670.981518
2017-08-21,3314694694.379469
2017-08-22,3314264953.4928646
2017-08-23,3313705415.3150005
2017-08-24,3313160354.299975
2017-08-25,3314328582.893881
2017-08-28,3315087152.8940377
2017-08-29,3315020121.7403846
2017-08-30,3315436631.8284698
2017-08-31,3315255955.6462336
2017-09-01,3315596351.2925296
2017-09-04,3315804335.707388
2017-09-05,3315621231.7462683
2017-09-06,3315620340.4347925
2017-09-07,3315315050.423133
2017-09-08,3315226035.5860972
2017-09-11,3315824111.4247203
2017-09-12,3315464376.606208
2017-09-13,3315631418.159887
2017-09-14,3315522237.724938
2017-09-15,3314927527.7578177
2017-09-18,3315316260.237248
2017-09-19,3314886866.6558685
2017-09-20,3315126155.143073
2017-09-21,3314166885.668749
2017-09-22,3313477147.7337584
2017-09-25,3311521133.3985023
2017-09-26,3311568995.8555307
2017-09-27,3312045215.856526
2017-09-28,3310977253.7903357
2017-09-29,3311688592.5962553
2017-10-09,3313033090.9817653
2017-10-10,3313371836.043239
2017-10-11,3313167447.465384
2017-10-12,3312818347.1568165
2017-10-13,3313105913.438002
2017-10-16,3311830478.8697963
2017-10-17,3311735658.4000854
2017-10-18,3310591322.093394
2017-10-19,3308501041.0894694
2017-10-20,3310042011.709301
2017-10-23,3310457312.5475826
2017-10-24,3309850918.1782155
2017-10-25,3310307807.458406
2017-10-26,3310552790.027491
2017-10-27,3309612075.247395
2017-10-30,3306435128.341735
2017-10-31,3307345476.6923075
2017-11-01,3306910394.470385
2017-11-02,3304952714.970219
2017-11-03,3303574408.2729692
2017-11-06,3304176759.9654946
2017-11-07,3304798362.8141785
2017-11-08,3304745248.3615665
2017-11-09,3305019875.444823
2017-11-10,3305023479.466452
2017-11-13,3304844943.5827723
2017-11-14,3304028016.2829456
2017-11-15,3302895901.543246
2017-11-16,3302184136.953827
2017-11-17,3297172696.8578997
2017-11-20,3297139471.779821
2017-11-21,3297345238.2796626
2017-11-22,3297020740.948193
2017-11-23,3293794661.981228
2017-11-24,3293742319.651946
2017-11-27,3292181817.8895097
2017-11-28,3293153838.204169
2017-11-29,3293347663.5456386
2017-11-30,3292275696.3664465
2017-12-01,3292580576.4282856
2017-12-04,3291262588.2151837
2017-12-05,3287798218.31163
2017-12-06,3288402036.313983
2017-12-07,3287806540.9031606
2017-12-08,3288788002.958666
2017-12-11,3289763677.5662613
2017-12-12,3288286694.389864
2017-12-13,3289134661.52719
2017-12-14,3289067925.5227804
2017-12-15,3288066885.7738338
2017-12-18,3287236981.9645543
2017-12-19,3287706908.638638
2017-12-20,3286498880.0536294
2017-12-21,3286702362.3035917
2017-12-22,3286363042.367113
2017-12-25,3284098437.3750563
2017-12-26,3284811943.6058965
2017-12-27,3283787574.89566
2017-12-28,3284097227.792234
2017-12-29,3285179072.70027
2018-01-02,3286712959.440781
2018-01-03,3287476452.4877777
2018-01-04,3287685912.755026
2018-01-05,3287682781.858562
2018-01-08,3287731200.585999
2018-01-09,3287563068.4352994
2018-01-10,3286987277.393443
2018-01-11,3286888267.7350025
2018-01-12,3286553690.381355
2018-01-15,3283786699.78398
2018-01-16,3284734634.463991
2018-01-17,3284136750.56146
2018-01-18,3284304282.987303
2018-01-19,3283946598.849705
2018-01-22,3284718613.865552
2018-01-23,3284627316.7303514
2018-01-24,3284508337.9901094
2018-01-25,3284439377.25411
2018-01-26,3284064089.679498
2018-01-29,3282583989.542229
2018-01-30,3282074339.0227246
2018-01-31,3278732232.6821
2018-02-01,3272204760.849186
2018-02-02,3271767621.2196727
2018-02-05,3271171307.071629
2018-02-06,3266002743.5068746
2018-02-07,3266103759.619598
2018-02-08,3266045844.2971907
2018-02-09,3261898059.9149466
2018-02-12,3263645887.8874397
2018-02-13,3263818288.3798103
2018-02-14,3264154921.1385694
2018-02-22,3265668715.542894
2018-02-23,3265831761.3302507
2018-02-26,3267339026.7604537
2018-02-27,3267060572.3118777
2018-02-28,3267100991.3197823
2018-03-01,3267961619.747674
2018-03-02,3267230815.5448537
2018-03-05,3267212823.626331
2018-03-06,3268152650.616009
2018-03-07,3267497546.619122
2018-03-08,3268233261.956694
2018-03-09,3269263826.2340646
2018-03-12,3270331036.9782305
2018-03-13,3269763220.267939
2018-03-14,3268964288.828951
2018-03-15,3268651841.2182784
2018-03-16,3268226201.5658507
2018-03-19,3267945198.250068
2018-03-20,3267597347.1450915
2018-03-21,3266992183.0336514
2018-03-22,3266690979.112081
2018-03-23,3261843332.797464
2018-03-26,3262794442.718208
2018-03-27,3265208539.0322933
2018-03-28,3263784817.2599998
2018-03-29,3264635679.6184316
2018-03-30,3265409590.6226406
2018-04-02,3265489434.002587
2018-04-03,3264623471.4120607
2018-04-04,3264295827.622312
2018-04-09,3264064330.1979413
2018-04-10,3264409384.7474833
2018-04-11,3264774941.6095023
2018-04-12,3264102803.4381704
2018-04-13,3263489082.807273
2018-04-16,3262435675.0933957
2018-04-17,3260189221.6552305
2018-04-18,3260822576.3381834
2018-04-19,3260974917.6544356
2018-04-20,3258222880.291833
2018-04-23,3257291370.7696075
2018-04-24,3259664539.1102667
2018-04-25,3259691834.524944
2018-04-26,3257617955.559109
2018-04-27,3257752491.4008317
2018-05-02,3257220470.431102
2018-05-03,3258167525.4432616
2018-05-04,3258019616.512813
2018-05-07,3259595315.4123425
2018-05-08,3260104462.313481
2018-05-09,3259948227.453518
2018-05-10,3260248272.688622
2018-05-11,3259398246.555373
2018-05-14,3258872841.3837805
2018-05-15,3259614952.0182266
2018-05-16,3259242281.8874717
2018-05-17,3258622883.722752
2018-05-18,3258930301.2708735
2018-05-21,3260214018.9469147
2018-05-22,3260152852.3087726
2018-05-23,3259025000.8537703
2018-05-24,3258717373.244975
2018-05-25,3257573759.5960555
2018-05-28,3256417946.339541
2018-05-29,3255320956.8790417
2018-05-30,3251151434.141277
2018-05-31,3253370781.1454167
2018-06-01,3252198945.139591
2018-06-04,3251895899.777161
2018-06-05,3253411754.181548
2018-06-06,3253444469.8828096
2018-06-07,3252705967.2898655
2018-06-08,3251357282.165222
2018-06-11,3250482931.9845777
2018-06-12,3251441576.779458
2018-06-13,3249569708.6857677
2018-06-14,3248985616.897037
2018-06-15,3246066767.1003323
2018-06-19,3236243780.4320226
2018-06-20,3236808821.580735
2018-06-21,3234939314.0326977
2018-06-22,3235484144.4426603
2018-06-25,3234534666.7108855
2018-06-26,3234322029.879834
2018-06-27,3233089614.842245
2018-06-28,3231855000.142103
2018-06-29,3234134019.3029013
2018-07-02,3232801836.5822587
2018-07-03,3233271322.0374403
2018-07-04,3231975672.026983
2018-07-05,3229128754.6245875
2018-07-06,3229122942.961789
2018-07-09,3231030018.303092
2018-07-10,3231593521.9903975
2018-07-11,3229436010.5955906
2018-07-12,3231914252.024535
2018-07-13,3232165261.865848
2018-07-16,3231812983.09442
2018-07-17,3231595802.9731345
2018-07-18,3231198258.6506824
2018-07-19,3230056501.135881
2018-07-20,3230799387.396854
2018-07-23,3231211332.582742
2018-07-24,3232704019.9945416
2018-07-25,3232873320.3655214
2018-07-26,3232495048.5768743
2018-07-27,3231981397.3826294
2018-07-30,3230968797.5499744
2018-07-31,3231010294.8094954
2018-08-01,3229634898.7215014
2018-08-02,3227517998.10784
2018-08-03,3226296196.1579056
2018-08-06,3224564455.4677615
2018-08-07,3226727928.7223463
2018-08-08,3225220123.8025265
2018-08-09,3226952695.4306192
2018-08-10,3227143570.371661
2018-08-13,3226875213.251276
2018-08-14,3226713244.1728234
2018-08-15,3225233413.8180814
2018-08-16,3224164305.110328
2018-08-17,3222630383.2078557
2018-08-20,3222961798.154659
2018-08-21,3223834526.8923345
2018-08-22,3222657443.491913
2018-08-23,3223081234.5669246
2018-08-24,3222728753.206738
2018-08-27,3224751960.544609
2018-08-28,3224729513.9017634
2018-08-29,3224223811.0954027
2018-08-30,3223142460.9271293
2018-08-31,3221991015.210816
2018-09-03,3221492293.83896
2018-09-04,3222307073.5967584
2018-09-05,3220578754.565914
2018-09-06,3219780848.796688
2018-09-07,3219868874.8818207
2018-09-10,3217907225.0179777
2018-09-11,3217771023.2554755
2018-09-12,3217274995.9740286
2018-09-13,3217931954.101432
2018-09-14,3217067838.6175065
2018-09-17,3215314805.7049637
2018-09-18,3216760622.573328
2018-09-19,3217881177.4528956
2018-09-20,3217488239.181783
2018-09-21,3218440520.3324428
2018-09-25,3218017369.7495646
2018-09-26,3218274849.4150944
2018-09-27,3216918201.3623166
2018-09-28,3217823741.0884666
2018-10-08,3213784828.421392
2018-10-09,3213737832.0562673
2018-10-10,3213732593.6588655
2018-10-11,3204475511.186157
2018-10-12,3203849932.104823
2018-10-15,3202495045.041182
2018-10-16,3200658819.4830546
2018-10-17,3200744376.4450645
2018-10-18,3197915522.584314
2018-10-19,3199273461.2796946
2018-10-22,3202910415.9254136
2018-10-23,3201620592.901773
2018-10-24,3201320404.610048
2018-10-25,3200947634.093624
2018-10-26,3200891546.0190825
2018-10-29,3199678056.6145287
2018-10-30,3200255383.9220977
2018-10-31,3201049767.1630955
2018-11-01,3201295020.3302283
2018-11-02,3202939254.4551
2018-11-05,3203229974.534026
2018-11-06,3202957040.8060837
2018-11-07,3202843214.331421
2018-11-08,3202646929.727354
2018-11-09,3202184432.73595
2018-11-12,3203618190.464677
2018-11-13,3204840796.7224383
2018-11-14,3204340603.378356
2018-11-15,3205316488.8919992
2018-11-16,3205692302.585026
2018-11-19,3205871769.1075478
2018-11-20,3204826322.5945263
2018-11-21,3205210828.7893357
2018-11-22,3205200008.0070915
2018-11-23,3203246526.5398693
2018-11-26,3202909798.6667175
2018-11-27,3203189436.7556777
2018-11-28,3203846288.107721
2018-11-29,3202169771.7724915
2018-11-30,3202281782.496809
2018-12-03,3204482068.8643727
2018-12-04,3204629841.05555
2018-12-05,3203778201.630958
2018-12-06,3202773223.4539876
2018-12-07,3202534303.1594105
2018-12-10,3201795845.0515847
2018-12-11,3202195207.805904
2018-12-12,3202130288.228081
2018-12-13,3202460681.1944294
2018-12-14,3200722490.6225195
2018-12-17,3200681543.8947763
2018-12-18,3199872671.5100913
2018-12-19,3198577205.1160316
2018-12-20,3198618015.6459136
2018-12-21,3197753046.7653694
2018-12-24,3198304107.3556137
2018-12-25,3196954794.1219606
2018-12-26,3196948307.8927236
2018-12-27,3195476912.5826464
2018-12-28,3195521782.580729
2019-01-02,3194702109.7307887
2019-01-03,3193581422.716624
2019-01-04,3195450176.743293
2019-01-07,3196932268.6318936
2019-01-08,3196741227.4091716
2019-01-09,3196981445.439466
2019-01-10,3196786748.360661
2019-01-11,3197035835.636112
2019-01-14,3196543542.7885766
2019-01-15,3197280423.795888
2019-01-16,3197186122.42731
2019-01-17,3196494925.4695563
2019-01-18,3197040166.038601
2019-01-21,3197480327.6072397
2019-01-22,3196376383.90062
2019-01-23,3196242367.219364
2019-01-24,3196203768.193931
2019-01-25,3195433877.000947
2019-01-28,3194659436.267554
2019-01-29,3192596464.2454247
2019-01-30,3190774930.7838955
2019-01-31,3189008786.92509
2019-02-01,3191378635.8316007
2019-02-11,3193633296.5839086
2019-02-12,3194697377.5562716
2019-02-13,3195341192.573663
2019-02-14,3195544069.412287
2019-02-15,3195356270.241864
2019-02-18,3196360321.375301
2019-02-19,3196329939.870957
2019-02-20,3196389380.3116527
2019-02-21,3196278005.681853
2019-02-22,3196793187.672154
2019-02-25,3198437738.923439
2019-02-26,3198218964.2344
2019-02-27,3197935495.9524765
2019-02-28,3198159673.4231925
2019-03-01,3198424832.7805233
2019-03-04,3199155460.2208495
2019-03-05,3199769716.1123633
2019-03-06,3200321051.8059773
2019-03-07,3200536529.297868
2019-03-08,3198962018.995175
2019-03-11,3200281694.1209784
2019-03-12,3201029034.297853
2019-03-13,3200286587.7498355
2019-03-14,3199305079.9600596
2019-03-15,3199915447.0951567
2019-03-18,3201238416.6607137
2019-03-19,3201350684.8077526
2019-03-20,3201242434.715019
2019-03-21,3201413386.0827794
2019-03-22,3201473330.221701
2019-03-25,3201225209.0185175
2019-03-26,3199870580.5007596
2019-03-27,3200139880.3800373
2019-03-28,3199213530.4959536
2019-03-29,3200785943.875547
2019-04-01,3202928669.5173855
2019-04-02,3203028141.006787
2019-04-03,3203151898.462595
2019-04-04,3203143063.6257477
2019-04-08,3203095812.6969
2019-04-09,3203312212.7493234
2019-04-10,3203116461.8604746
2019-04-11,3202577439.420372
2019-04-12,3202552832.757927
2019-04-15,3201964995.085872
2019-04-16,3203025330.0156727
2019-04-17,3203365384.417011
2019-04-18,3202860223.414613
2019-04-19,3203129651.9271474
2019-04-22,3202322293.7886534
2019-04-23,3201145754.8241854
2019-04-24,3201831923.318144
2019-04-25,3198372133.7015715
2019-04-26,3197169282.0509424
2019-04-29,3195100383.452298
2019-04-30,3195560647.606995
2019-05-06,3189340777.9680343
2019-05-07,3190383300.141383
2019-05-08,3189987563.364733
2019-05-09,3188828181.4773884
2019-05-10,3191310036.2264843
2019-05-13,3190768920.2358966
2019-05-14,3189922856.3050556
2019-05-15,3191493554.2258525
2019-05-16,3191813085.060769
2019-05-17,3189384273.323488
2019-05-20,3188279282.9339066
2019-05-21,3189935507.827546
2019-05-22,3189306254.446484
2019-05-23,3187205893.5193033
2019-05-24,3186501618.2464695
2019-05-27,3189113728.720662
2019-05-28,3189142751.0078707
2019-05-29,3189394688.514717
2019-05-30,3188957827.853632
2019-05-31,3188824296.85493
2019-06-03,3187330654.3733525
2019-06-04,3185681556.0667963
2019-06-05,3185843409.596926
2019-06-06,3183609998.8209205
2019-06-10,3184490809.382745
2019-06-11,3187549273.517472
2019-06-12,3186976093.6477313
2019-06-13,3187153776.407837
2019-06-14,3185682057.3378057
2019-06-17,3185614035.185378
2019-06-18,3185326974.1165648
2019-06-19,3186441985.6925435
2019-06-20,3187506509.3353896
2019-06-21,3188402577.857246
2019-06-24,3188261072.1075034
2019-06-25,3187597439.347362
2019-06-26,3187533334.4142084
2019-06-27,3187907052.2228866
2019-06-28,3186945765.1212835
2019-07-01,3188588756.955627
2019-07-02,3188562544.5635486
2019-07-03,3187828259.9581757
2019-07-04,3187464510.6383452
2019-07-05,3187631958.87528
2019-07-08,3184826420.8633604
2019-07-09,3185025983.313326
2019-07-10,3184125884.44459
2019-07-11,3183967698.5741467
2019-07-12,3184062791.663497
2019-07-15,3184845893.333269
2019-07-16,3184907437.293659
2019-07-17,3184721229.0324216
2019-07-18,3183371724.570329
2019-07-19,3183749343.307431
2019-07-22,3180667286.4674697
2019-07-23,3181768018.134784
2019-07-24,3182801347.6233187
2019-07-25,3182777835.6229916
2019-07-26,3182931057.321192
2019-07-29,3182784660.097562
2019-07-30,3183163833.4758096
2019-07-31,3182411930.7088194
2019-08-01,3181642177.33215
2019-08-02,3180032011.8583293
2019-08-05,3178158098.1190057
2019-08-06,3174507265.7424803
2019-08-07,3174219776.551175
2019-08-08,3174356433.251886
2019-08-09,3173179747.5467095
2019-08-12,3174469592.5187197
2019-08-13,3173924271.560378
2019-08-14,3174354463.213259
2019-08-15,3174567544.253325
2019-08-16,3174732327.6998625
2019-08-19,3176725199.572734
2019-08-20,3176681523.6244082
2019-08-21,3176601184.510843
2019-08-22,3176643982.8011684
2019-08-23,3176458895.300616
2019-08-26,3175520450.50687
2019-08-27,3177087390.906401
2019-08-28,3176889360.5383472
2019-08-29,3176561823.9738708
2019-08-30,3175265729.2783675
2019-09-02,3177545548.172235
2019-09-03,3177726100.239121
2019-09-04,3178415091.283753
2019-09-05,3179130305.641213
2019-09-06,3179338962.908685
2019-09-09,3180400483.159011
2019-09-10,3180698619.672923
2019-09-11,3180382755.687882
2019-09-12,3180603888.419054
2019-09-16,3180620394.921196
2019-09-17,3179626599.2744675
2019-09-18,3179689652.9604034
2019-09-19,3180171742.7980337
2019-09-20,3180379126.0221133
2019-09-23,3179513251.7260966
2019-09-24,3179533101.829086
2019-09-25,3177918758.7610593
2019-09-26,3175499714.5367746
2019-09-27,3175797162.4753165
2019-09-30,3174881345.0054097
2019-10-08,3174979870.4013133
2019-10-09,3175729503.4808273
2019-10-10,3176710571.9108057
2019-10-11,3176709038.5689173
2019-10-14,3177815525.1947284
2019-10-15,3176909122.9928546
2019-10-16,3176344062.3432126
2019-10-17,3176070404.612885
2019-10-18,3174529931.6935787
2019-10-21,3173852832.8876753
2019-10-22,3175097905.9348526
2019-10-23,3174187222.5612226
2019-10-24,3173959497.8580503
2019-10-25,3174593062.703891
2019-10-28,3176355824.24753
2019-10-29,3174456256.743867
2019-10-30,3172636291.9748716
2019-10-31,3170893156.376765
2019-11-01,3172217308.135507
2019-11-04,3172429410.983618
2019-11-05,3172472574.069873
2019-11-06,3171211610.2208257
2019-11-07,3171797123.8506713
2019-11-08,3171439592.1780877
2019-11-11,3168120590.2306323
2019-11-12,3168215511.7715626
2019-11-13,3167447838.066208
2019-11-14,3167898094.7788353
2019-11-15,3166023832.063358
2019-11-18,3166942725.6024847
2019-11-19,3169013022.5394254
2019-11-20,3168079833.5020256
2019-11-21,3167736776.011096
2019-11-22,3166606242.843227
2019-11-25,3166305515.9806647
2019-11-26,3165992583.193143
2019-11-27,3165499189.5899076
2019-11-28,3164838574.635425
2019-11-29,3164502017.0703263
2019-12-02,3164539844.7869434
2019-12-03,3165224578.6583276
2019-12-04,3164967060.6717043
2019-12-05,3165891835.6656256
2019-12-06,3166166741.1177106
2019-12-09,3166418515.0743756
2019-12-10,3166302649.4728527
2019-12-11,3166083962.739869
2019-12-12,3165561003.063788
2019-12-13,3166738548.612149
2019-12-16,3168166908.9604254
2019-12-17,3169367287.674871
2019-12-18,3169256484.6198277
2019-12-19,3169562943.537121
2019-12-20,3169030369.4940453
2019-12-23,3167737249.0398617
2019-12-24,3168834359.522047
2019-12-25,3168705489.7870555
2019-12-26,3169203186.6987433
2019-12-27,3168670823.343356
2019-12-30,3169221452.3061543
2019-12-31,3169596299.3028646
2020-01-02,3170758007.796615
2020-01-03,3170874994.2473087
2020-01-06,3170956850.9046164
2020-01-07,3171371630.604222
2020-01-08,3170660680.6509595
2020-01-09,3171133611.7078295
2020-01-10,3170985772.415506
2020-01-13,3171275492.784538
2020-01-14,3171283064.307339
2020-01-15,3170851549.4783025
2020-01-16,3170351571.5890546
2020-01-17,3169664800.2474914
2020-01-20,3170176440.2228465
2020-01-21,3168711385.58544
2020-01-22,3168403211.1435
2020-01-23,3164412568.330971
2020-02-03,3154574896.793478
2020-02-04,3153225629.2959533
2020-02-05,3154890209.1596904
2020-02-06,3156773714.618801
2020-02-07,3157002703.272464
2020-02-10,3158277512.89171
2020-02-11,3157931881.4016957
2020-02-12,3158363761.6745358
2020-02-13,3157813988.3253984
2020-02-14,3157780695.312808
2020-02-17,3159016731.0558524
2020-02-18,3159533901.23337
2020-02-19,3159248707.1116686
2020-02-20,3160102637.0259323
2020-02-21,3160407193.3755374
2020-02-24,3160913682.428471
2020-02-25,3160575340.018728
2020-02-26,3159714200.6469173
2020-02-27,3159633167.320444
2020-02-28,3156448291.875267
2020-03-02,3159658652.4618225
2020-03-03,3160768011.2074904
2020-03-04,3161231228.87791
2020-03-05,3162606395.9519453
2020-03-06,3162585682.0205426
2020-03-09,3160873175.590876
2020-03-10,3163087948.8672314
2020-03-11,3162279491.577444
2020-03-12,3160539017.587795
2020-03-13,3161216654.3329935
2020-03-16,3158782372.6022468
2020-03-17,3158100873.4639287
2020-03-18,3157136394.711077
2020-03-19,3157416849.8109417
2020-03-20,3158123446.9113593
2020-03-23,3154724949.7484474
2020-03-24,3155801521.3333974
2020-03-25,3157571336.24858
2020-03-26,3156702503.915197
2020-03-27,3156303954.5595784
2020-03-30,3154547617.543979
2020-03-31,3154447738.880181
2020-04-01,3153787433.644411
2020-04-02,3155131728.346282
2020-04-03,3154720634.632519
2020-04-07,3157119031.0183916
2020-04-08,3156920051.1131477
2020-04-09,3157367223.292255
2020-04-10,3155922250.823578
2020-04-13,3155347824.591645
2020-04-14,3156928253.0882406
2020-04-15,3156390308.5457134
2020-04-16,3156292243.827472
2020-04-17,3156151305.769641
2020-04-20,3157064497.663818
2020-04-21,3156428841.793101
2020-04-22,3157178403.132218
2020-04-23,3156798999.1390753
2020-04-24,3155250646.663882
2020-04-27,3154371292.8517995
2020-04-28,3152199043.6914773
2020-04-29,3151674134.6803026
2020-04-30,3152847316.063921
2020-05-06,3153661916.6792636
2020-05-07,3153721633.051789
2020-05-08,3154162695.880778
2020-05-11,3154070048.4737186
2020-05-12,3153846954.5840387
2020-05-13,3154276687.2934275
2020-05-14,3153538502.799254
2020-05-15,3153320327.7402225
2020-05-18,3153071094.5468674
2020-05-19,3153596377.4474983
2020-05-20,3152703975.7171555
2020-05-21,3151946383.727979
2020-05-22,3150069862.2201996
2020-05-25,3149862619.4607143
2020-05-26,3151379174.1226897
2020-05-27,3151260781.2357926
2020-05-28,3150856945.8653655
2020-05-29,3151348838.2176204
2020-06-01,3153716253.0955334
2020-06-02,3154074556.437395
2020-06-03,3154157628.539463
2020-06-04,3154061657.4533844
2020-06-05,3153976271.476391
2020-06-08,3153841284.624749
2020-06-09,3154017250.731409
2020-06-10,3153834442.3238335
2020-06-11,3153231117.425032
2020-06-12,3153628792.884584
2020-06-15,3152934343.0369854
2020-06-16,3154463713.3715076
2020-06-17,3154571607.2642336
2020-06-18,3154559505.33778
2020-06-19,3154870428.7197213
2020-06-22,3154657689.66763
2020-06-23,3154210052.4105
2020-06-24,3153729659.3144054
2020-06-29,3152664644.033058
2020-06-30,3153858541.50807
2020-07-01,3154661468.096113
2020-07-02,3155675654.31325
2020-07-03,3156278636.4344544
2020-07-06,3158176949.1600432
2020-07-07,3159082683.5286307
2020-07-08,3159652225.1242685
2020-07-09,3160327857.0064683
2020-07-10,3160313550.7547646
2020-07-13,3161099885.2801104
2020-07-14,3161050411.8297815
2020-07-15,3160602785.326172
2020-07-16,3159290741.920456
2020-07-17,3159392330.8609767
2020-07-20,3161505630.065424
2020-07-21,3161632545.5345755
2020-07-22,3161940368.4716873
2020-07-23,3161510346.1347446
2020-07-24,3159406556.586863
2020-07-27,3159313251.2654614
2020-07-28,3160039246.391029
2020-07-29,3161189459.2042775
2020-07-30,3161125259.056961
2020-07-31,3161500552.740607
2020-08-03,3162905945.0011706
2020-08-04,3162727300.2037354
2020-08-05,3162861324.040472
2020-08-06,3162707724.645826
2020-08-07,3162139566.033781
2020-08-10,3162775743.208774
2020-08-11,3161592357.466675
2020-08-12,3161036755.7910104
2020-08-13,3161324613.295431
2020-08-14,3161929421.237564
2020-08-17,3163167510.984396
2020-08-18,3163595898.700338
2020-08-19,3162694028.011147
2020-08-20,3162058022.0939918
2020-08-21,3162268267.8282294
2020-08-24,3162373316.738127
2020-08-25,3161604241.518711
2020-08-26,3159732843.2129707
2020-08-27,3160180227.950649
2020-08-28,3160848481.0597806
2020-08-31,3160927667.08897
2020-09-01,3161137595.666593
2020-09-02,3160893989.8755116
2020-09-03,3160209741.9777184
2020-09-04,3160420978.9476686
2020-09-07,3159026541.686622
2020-09-08,3159498986.1810064
2020-09-09,3157247509.5543017
2020-09-10,3154338940.7669897
2020-09-11,3155240581.6939907
2020-09-14,3155916532.602046
2020-09-15,3156008220.170888
2020-09-16,3155215283.792285
2020-09-17,3155269339.2080874
2020-09-18,3156621256.688804
2020-09-21,3156322148.2694325
2020-09-22,3154687375.275662
2020-09-23,3154650849.597472
2020-09-24,3151658390.811765
2020-09-25,3150914155.746553
2020-09-28,3148932797.9554114
2020-09-29,3149280115.6180844
2020-09-30,3148710704.0271125
2020-10-09,3151413131.2544646
2020-10-12,3154063186.2051516
2020-10-13,3153968984.427609
2020-10-14,3153327977.626162
2020-10-15,3152631955.739808
2020-10-16,3152534585.8145785
2020-10-19,3151806986.005664
2020-10-20,3152311500.275195
2020-10-21,3151344508.8748307
2020-10-22,3150707937.7048125
2020-10-23,3149166478.1949134
2020-10-26,3148611113.1349883
2020-10-27,3148220860.2264786
2020-10-28,3148204178.4669275
2020-10-29,3147983055.5985475
2020-10-30,3145157173.74442
2020-11-02,3144941614.747008
2020-11-03,3146644334.3853736
2020-11-04,3146170704.292578
2020-11-05,3147992480.2314157
2020-11-06,3147450477.192624
2020-11-09,3148921398.8938413
2020-11-10,3148413294.32815
2020-11-11,3147739370.886396
2020-11-12,3147715061.0174084
2020-11-13,3147436574.546975
2020-11-16,3148463186.2235155
2020-11-17,3147847658.6532607
2020-11-18,3148339428.9391103
2020-11-19,3148770339.5955887
2020-11-20,3149391798.7426033
2020-11-23,3149582983.720901
2020-11-24,3149242123.818312
2020-11-25,3147821674.8194823
2020-11-26,3147230131.4980574
2020-11-27,3147049469.7338805
2020-11-30,3146442281.5290136
2020-12-01,3147649494.0914497
2020-12-02,3147633477.2360063
2020-12-03,3147283239.2888517
2020-12-04,3147510439.866998
2020-12-07,3146686488.6956024
2020-12-08,3146203517.5372534
2020-12-09,3143751734.286904
2020-12-10,3143582278.0748754
2020-12-11,3141171737.3168015
2020-12-14,3141750432.467608
2020-12-15,3141293712.273952
2020-12-16,3139776414.5870714
2020-12-17,3141090016.8739023
2020-12-18,3140759477.437012
2020-12-21,3141948810.4825873
2020-12-22,3139068772.3264003
2020-12-23,3139314684.7539997
2020-12-24,3136742169.4535575
2020-12-25,3137489284.814524
2020-12-28,3136377714.0454707
2020-12-29,3135859061.8943934
2020-12-30,3136144720.178149
2020-12-31,3137293585.505689
2021-01-04,3138142665.059548
2021-01-05,3137784853.8635435
2021-01-06,3136608838.113834
2021-01-07,3133098542.1465793
2021-01-08,3132697145.084436
2021-01-11,3129609702.7187047
2021-01-12,3130688330.678825
2021-01-13,3129543472.1409807
2021-01-14,3130288783.028272
2021-01-15,3131377786.9327106
2021-01-18,3133144389.2698746
2021-01-19,3133257003.92746
2021-01-20,3133138565.6382384
2021-01-21,3133621405.4600625
2021-01-22,3132487250.5952225
2021-01-25,3130510036.8702044
2021-01-26,3128842769.425441
2021-01-27,3128791570.0684023
2021-01-28,3126772601.1653547
2021-01-29,3125050396.0676885
2021-02-01,3125254395.9310284
2021-02-02,3125347277.2001977
2021-02-03,3123439326.810389
2021-02-04,3121215087.171361
2021-02-05,3119786846.782846
2021-02-08,3120273687.484819
2021-02-09,3122003456.7101912
2021-02-10,3122587401.49303
2021-02-18,3125073664.311893
2021-02-19,3126957209.6864243
2021-02-22,3127176688.211137
2021-02-23,3126866460.2350755
2021-02-24,3126282393.0419016
2021-02-25,3126055565.355502
2021-02-26,3125736689.8362403
2021-03-01,3127239216.5415215
2021-03-02,3126766086.691472
2021-03-03,3127973542.4515243
2021-03-04,3126902655.0769053
2021-03-05,3127634864.560777
2021-03-08,3126198205.804066
2021-03-09,3123969752.7801
2021-03-10,3122968383.4241767
2021-03-11,3124901499.503323
2021-03-12,3124980098.6053004
2021-03-15,3124849776.3517213
2021-03-16,3125741651.1256247
2021-03-17,3126128139.6665473
2021-03-18,3126352955.5207615
2021-03-19,3125644921.058623
2021-03-22,3126819447.143533
2021-03-23,3125926081.448808
2021-03-24,3124868123.853797
2021-03-25,3124732123.281832
2021-03-26,3126092652.0381694
2021-03-29,3126363193.321912
2021-03-30,3125976224.7333817
2021-03-31,3126125171.213341
2021-04-01,3126343198.7335343
2021-04-02,3126536750.025653
2021-04-06,3127118157.7697678
2021-04-07,3127609326.759531
2021-04-08,3126935356.221038
2021-04-09,3126648813.611112
2021-04-12,3125253729.740555
2021-04-13,3124209946.712303
2021-04-14,3125492099.9559717
2021-04-15,3124724312.1648226
2021-04-16,3126262920.893767
2021-04-19,3127235202.250031
2021-04-20,3126733575.688353
2021-04-21,3126294864.9146137
2021-04-22,3126426487.841702
2021-04-23,3125526450.305663
2021-04-26,3124922631.6978374
2021-04-27,3124539705.60995
2021-04-28,3124760281.1606913
2021-04-29,3124276586.4234004
2021-04-30,3123257646.9247327
2021-05-06,3123734603.60671
2021-05-07,3123077427.1032906
2021-05-10,3123002057.3049517
2021-05-11,3123515604.607318
2021-05-12,3124689088.179892
2021-05-13,3123828528.459703
2021-05-14,3125068279.1674123
2021-05-17,3124332527.547076
2021-05-18,3124684888.947243
2021-05-19,3124622309.793984
2021-05-20,3124192815.3637395
2021-05-21,3124410720.2772512
2021-05-24,3124838542.7170906
2021-05-25,3125750847.8889337
2021-05-26,3126313788.663112
2021-05-27,3126898413.359985
2021-05-28,3126297083.1403933
2021-05-31,3126729202.8156915
2021-06-01,3127325566.7511697
2021-06-02,3126530780.48866
2021-06-03,3126678460.9661226
2021-06-04,3126328240.1368837
2021-06-07,3126640564.0617414
2021-06-08,3126662882.6430206
2021-06-09,3126789596.1150613
2021-06-10,3126651534.4224176
2021-06-11,3125750197.1412525
2021-06-15,3123944954.9398584
2021-06-16,3122556351.0722785
2021-06-17,3122502773.100128
2021-06-18,3122974782.7122874
2021-06-21,3123721737.7198195
2021-06-22,3124263325.981988
2021-06-23,3124207004.225027
2021-06-24,3123722292.9502997
2021-06-25,3124050448.9039536
2021-06-28,3124281222.775103
2021-06-29,3123092749.33309
2021-06-30,3123318108.3175592
2021-07-01,3122227309.090647
2021-07-02,3121055320.1280503
2021-07-05,3121805724.6852865
2021-07-06,3122084154.9875913
2021-07-07,3122456053.2735004
2021-07-08,3121199828.7453995
2021-07-09,3121983002.6864257
2021-07-12,3122960549.536331
2021-07-13,3123874150.7623634
2021-07-14,3123014567.015512
2021-07-15,3122227571.8089356
2021-07-16,3121801592.130891
2021-07-19,3121291170.7585225
2021-07-20,3121442388.9116225
2021-07-21,3121654976.43429
2021-07-22,3121703583.0484953
2021-07-23,3120048693.2816033
2021-07-26,3117196350.5644436
2021-07-27,3114273107.6413336
2021-07-28,3111172119.0137944
2021-07-29,3113106244.2219305
2021-07-30,3113566923.829954
2021-08-02,3115720790.581543
2021-08-03,3115654596.6601295
2021-08-04,3116188619.6725974
2021-08-05,3115522048.8653564
2021-08-06,3115459246.984772
2021-08-09,3117278924.5008783
2021-08-10,3118628015.666497
2021-08-11,3118954545.411981
2021-08-12,3118887087.7452846
2021-08-13,3118681018.355506
2021-08-16,3119144557.011004
2021-08-17,3116730400.731024
2021-08-18,3117612125.158809
2021-08-19,3117024032.218123
2021-08-20,3115820390.030399
2021-08-23,3118077460.234059
2021-08-24,3118683316.3296857
2021-08-25,3119626119.8938665
2021-08-26,3118983785.3927703
2021-08-27,3118840093.96821
2021-08-30,3118690535.4123244
2021-08-31,3118722393.088074
2021-09-01,3119166635.8352866
2021-09-02,3119968331.961463
2021-09-03,3120287732.505357
2021-09-06,3121183206.238858
2021-09-07,3121858486.2790213
2021-09-08,3122111320.5573587
2021-09-09,3122040687.9410086
2021-09-10,3121786762.0342627
2021-09-13,3121834427.6404805
2021-09-14,3120878320.0150394
2021-09-15,3121222608.0915904
2021-09-16,3119880833.5910926
2021-09-17,3119342755.4613385
2021-09-22,3119619329.669228
2021-09-23,3120488691.0630655
2021-09-24,3118833082.137157
2021-09-27,3116361444.842111
2021-09-28,3116598852.8892527
2021-09-29,3113454815.1012163
2021-09-30,3114841044.3650103
2021-10-08,3116990356.4179497
2021-10-11,3116854023.320866
2021-10-12,3115253725.0970697
2021-10-13,3115032704.3634396
2021-10-14,3115172983.2798724
2021-10-15,3114271766.5062523
2021-10-18,3114650673.272769
2021-10-19,3115066875.4615703
2021-10-20,3114717603.584819
2021-10-21,3114093445.0316358
2021-10-22,3112555912.963817
2021-10-25,3113133809.283142
2021-10-26,3112363963.9365454
2021-10-27,3110108770.846135
2021-10-28,3108093865.2133126
2021-10-29,3109349701.030984
2021-11-01,3110160090.894525
2021-11-02,3108184265.528375
2021-11-03,3108711677.3265347
2021-11-04,3110116858.9407415
2021-11-05,3108845638.771985
2021-11-08,3109180351.5466185
2021-11-09,3109865663.521049
2021-11-10,3109920839.966764
2021-11-11,3110727218.5186615
2021-11-12,3110855649.5012546
2021-11-15,3111471972.8777814
2021-11-16,3110781800.02706
2021-11-17,3111484342.478421
2021-11-18,3110856340.0615196
2021-11-19,3111823998.9813805
2021-11-22,3112180482.3511763
2021-11-23,3112178102.044645
2021-11-24,3112269092.8531933
2021-11-25,3112054879.5503955
2021-11-26,3111439589.611949
2021-11-29,3110992800.707914
2021-11-30,3111692576.586516
2021-12-01,3112670420.949823
2021-12-02,3111994737.674993
2021-12-03,3112605958.7821794
2021-12-06,3111613874.8949537
2021-12-07,3111248963.337846
2021-12-08,3112421519.671448
2021-12-09,3113201081.205274
2021-12-10,3113337725.2652392
2021-12-13,3113631662.9995184
2021-12-14,3113604920.290357
2021-12-15,3113575523.0192018
2021-12-16,3114048910.1342244
2021-12-17,3113312094.3815427
2021-12-20,3112242621.605458
2021-12-21,3113533752.1367517
2021-12-22,3114146520.6416755
2021-12-23,3113980076.5501614
2021-12-24,3112461382.634627
2021-12-27,3112874174.7733884
2021-12-28,3113309725.783295
2021-12-29,3113008978.658028
2021-12-30,3113652886.355416
2021-12-31,3114216145.4796734
2022-01-04,3114921175.690022
2022-01-05,3113849055.1607366
2022-01-06,3114703012.0425963
2022-01-07,3113390922.95109
2022-01-10,3113919398.594598
2022-01-11,3113650065.5247107
2022-01-12,3114718171.9408236
2022-01-13,3113618629.3098273
2022-01-14,3112639867.0628524
2022-01-17,3113578342.2562227
2022-01-18,3112897812.566438
2022-01-19,3112759495.221907
2022-01-20,3110519291.8824577
2022-01-21,3109353346.315123
2022-01-24,3108697707.870945
2022-01-25,3104181458.5256
2022-01-26,3104648874.5340657
2022-01-27,3101923400.131047
2022-01-28,3102417221.440693
2022-02-07,3104096003.4035645
2022-02-08,3105906935.367824
2022-02-09,3107353666.230779
2022-02-10,3107348997.8640347
2022-02-11,3105896111.9437933
2022-02-14,3105907746.5278816
2022-02-15,3106023332.6797333
2022-02-16,3106800213.7845345
2022-02-17,3106350949.3198256
2022-02-18,3106554627.0665503
2022-02-21,3107614941.6219363
2022-02-22,3106368251.067737
2022-02-23,3107345622.965714
2022-02-24,3104831594.773831
2022-02-25,3105782054.854932
2022-02-28,3105695324.4776793
2022-03-01,3106216528.385754
2022-03-02,3106566147.7469854
2022-03-03,3106519288.192949
2022-03-04,3105233025.3296304
2022-03-07,3103088068.0131793
2022-03-08,3098627850.660041
2022-03-09,3096742024.9952116
2022-03-10,3098351460.7482185
2022-03-11,3098625850.0955977
2022-03-14,3096305916.6817164
2022-03-15,3091273077.229732
2022-03-16,3093842473.504962
2022-03-17,3095154376.5707912
2022-03-18,3096626506.7571135
2022-03-21,3097703007.999589
2022-03-22,3097592788.9480557
2022-03-23,3097579507.355027
2022-03-24,3096909998.438762
2022-03-25,3096286668.9742684
2022-03-28,3095795715.577073
2022-03-29,3095207262.262542
2022-03-30,3096500265.5465283
2022-03-31,3096194732.3871207
2022-04-01,3096295918.9507084
2022-04-06,3097095735.373588
2022-04-07,3094638955.0577936
2022-04-08,3094190975.3653927
2022-04-11,3091050091.769678
2022-04-12,3092806859.2653723
2022-04-13,3090996564.4089494
2022-04-14,3091687358.4283504
2022-04-15,3089724496.67472
2022-04-18,3089788559.418171
2022-04-19,3090607733.1981134
2022-04-20,3089045692.9098983
2022-04-21,3084956095.1018534
2022-04-22,3084097067.2362695
2022-04-25,3076823504.9915276
2022-04-26,3073980413.2019663
2022-04-27,3074650166.5753584
2022-04-28,3074283453.1862044
2022-04-29,3076493499.8822303
2022-05-05,3077843205.320974
2022-05-06,3076342746.221725
2022-05-09,3077187922.223587
2022-05-10,3078272449.0209613
2022-05-11,3078509313.0720043
2022-05-12,3078795411.2837796
2022-05-13,3079111871.289968
2022-05-16,3079295571.260051
2022-05-17,3079200977.2355576
2022-05-18,3079518725.3390193
2022-05-19,3079921734.462943
2022-05-20,3080704111.3197885
2022-05-23,3081519477.2948117
2022-05-24,3078861430.380813
2022-05-25,3080741572.9358683
2022-05-26,3081155122.4166436
2022-05-27,3081066863.6871543
2022-05-30,3081713204.78048
2022-05-31,3082079290.5451865
2022-06-01,3082059296.1685715
2022-06-02,3082151051.6453347
2022-06-06,3082796318.3909245
2022-06-07,3082651196.491331
2022-06-08,3082506075.480661
2022-06-09,3081689512.6263795
2022-06-10,3082678823.62776
2022-06-13,3082269591.7374644
2022-06-14,3082698905.112017
2022-06-15,3082613793.60023
2022-06-16,3082827136.6714315
2022-06-17,3082900040.9838834
2022-06-20,3083388217.4357224
2022-06-21,3083031270.945387
2022-06-22,3082416978.737053
2022-06-23,3083325679.212828
2022-06-24,3083741003.0044155
2022-06-27,3084230821.7823124
2022-06-28,3084812883.0355268
2022-06-29,3083684077.9821224
2022-06-30,3084020925.723825
2022-07-01,3084150382.413446
2022-07-04,3084523457.1266265
2022-07-05,3084251110.912066
2022-07-06,3082975225.226391
2022-07-07,3083443996.3185997
2022-07-08,3083416524.6185126
2022-07-11,3082854223.027019
2022-07-12,3081927098.378382
2022-07-13,3083094870.078894
2022-07-14,3083022934.96605
2022-07-15,3081038590.731328
2022-07-18,3083376469.034408
2022-07-19,3084249976.5601068
2022-07-20,3084972921.215518
2022-07-21,3084384515.133895
2022-07-22,3084034995.284131
2022-07-25,3083574685.8135004
2022-07-26,3084631353.689218
2022-07-27,3084820415.270589
2022-07-28,3085094325.6432467
2022-07-29,3084320441.859531
2022-08-01,3084432088.8068004
2022-08-02,3079806590.1818657
2022-08-03,3078871099.622677
2022-08-04,3080128768.496817
2022-08-05,3081181424.086979
2022-08-08,3082247055.2357845
2022-08-09,3082293817.0277224
2022-08-10,3082113022.3292413
2022-08-11,3083295970.779615
2022-08-12,3083265275.9987507
2022-08-15,3083643297.3416286
2022-08-16,3084331178.9041257
2022-08-17,3084509196.71924
2022-08-18,3084031162.1061807
2022-08-19,3083663871.463139
2022-08-22,3084505391.6911864
2022-08-23,3084483891.7675447
2022-08-24,3081848660.2971
2022-08-25,3081642153.517108
2022-08-26,3081499072.4969926
2022-08-29,3082327884.304599
2022-08-30,3081937195.7125955
2022-08-31,3079147556.980192
2022-09-01,3078739044.120969
2022-09-02,3080099145.053861
2022-09-05,3080685400.1493363
2022-09-06,3082013871.191339
2022-09-07,3081857551.8497305
2022-09-08,3080854623.097575
2022-09-09,3080878913.698037
2022-09-13,3081001691.897773
2022-09-14,3079959813.7431355
2022-09-15,3077543099.189043
2022-09-16,3073813269.534469
2022-09-19,3072525862.200357
2022-09-20,3073859143.378608
2022-09-21,3074036267.230007
2022-09-22,3073456489.815162
2022-09-23,3071215332.4580083
2022-09-26,3068599644.8121524
2022-09-27,3070575518.131314
2022-09-28,3067498763.415808
2022-09-29,3066833780.0300198
2022-09-30,3065590561.297988
2022-10-10,3063980478.9439864
2022-10-11,3064433722.89086
2022-10-12,3066351073.6978602
2022-10-13,3066580959.395111
2022-10-14,3068193618.5176935
2022-10-17,3068945106.375988
2022-10-18,3069177346.635282
2022-10-19,3068261120.0239964
2022-10-20,3068073667.670191
2022-10-21,3067855677.455418
2022-10-24,3066090704.8288302
2022-10-25,3065719073.146111
2022-10-26,3067164343.68037
2022-10-27,3066901843.954739
2022-10-28,3063281256.7813077
2022-10-31,3063327364.4520936
2022-11-01,3066613415.725423
2022-11-02,3067818292.4793086
2022-11-03,3067910880.590642
2022-11-04,3069326590.364674
2022-11-07,3069779714.344706
2022-11-08,3069933551.2688255
2022-11-09,3069998425.408079
2022-11-10,3069757648.4884553
2022-11-11,3069947281.5258956
2022-11-14,3069746475.4380703
2022-11-15,3070809861.413207
2022-11-16,3070626822.510378
2022-11-17,3070597345.3132067
2022-11-18,3069719103.979456
2022-11-21,3069886345.949135
2022-11-22,3069210154.365006
2022-11-23,3068723082.55997
2022-11-24,3068908440.7343836
2022-11-25,3068300130.509426
2022-11-28,3068145573.7783184
2022-11-29,3069764187.376456
2022-11-30,3069785250.756659
2022-12-01,3070516845.1599817
2022-12-02,3070734597.0006757
2022-12-05,3071044872.6498084
2022-12-06,3070848378.5649934
2022-12-07,3071000148.6632886
2022-12-08,3070679621.4536366
2022-12-09,3070473391.739529
2022-12-12,3070442884.1321754
2022-12-13,3070082727.2527957
2022-12-14,3069544164.441415
2022-12-15,3069935433.198133
2022-12-16,3069047103.0975175
2022-12-19,3066522414.602042
2022-12-20,3066028572.219081
2022-12-21,3065242862.617035
2022-12-22,3063637822.925414
2022-12-23,3063130936.370751
2022-12-26,3064254436.0405035
2022-12-27,3064499825.260718
2022-12-28,3063323159.9730434
2022-12-29,3062424781.6001005
2022-12-30,3063348077.484149
2023-01-03,3065109370.1020546
2023-01-04,3065478252.6413236
2023-01-05,3065818638.1997137
2023-01-06,3065266132.3714757
2023-01-09,3065679810.7865562
2023-01-10,3065063715.629568
2023-01-11,3064364433.3700027
2023-01-12,3063748657.9372983
2023-01-13,3064283181.8658843
2023-01-16,3064846043.219405
2023-01-17,3064236389.0169153
2023-01-18,3064425728.072192
2023-01-19,3064617823.6804113
2023-01-20,3065451023.865938
2023-01-30,3066658234.2380767
2023-01-31,3066869787.103718
2023-02-01,3067526830.844961
2023-02-02,3067724035.529339
2023-02-03,3067387217.717201
2023-02-06,3067023313.238798
2023-02-07,3067119119.6008034
2023-02-08,3066654097.720429
2023-02-09,3067266126.753477
2023-02-10,3067225763.9221473
2023-02-13,3067974104.395887
2023-02-14,3067950561.829437
2023-02-15,3067494012.897149
2023-02-16,3065926108.694638
2023-02-17,3065737450.9188275
2023-02-20,3067186523.115401
2023-02-21,3067689310.8734145
2023-02-22,3067595447.5515924
2023-02-23,3067458544.351435
2023-02-24,3067080464.3345947
2023-02-27,3066534722.9808984
2023-02-28,3067282012.8180437
2023-03-01,3067757693.4738326
2023-03-02,3067287347.4765453
2023-03-03,3067183432.7811384
2023-03-06,3066955374.443283
2023-03-07,3065083783.775184
2023-03-08,3066012302.3817725
2023-03-09,3065488787.1109824
2023-03-10,3062900024.993476
2023-03-13,3062615586.0433235
2023-03-14,3060613794.9288483
2023-03-15,3061861033.416732
2023-03-16,3059317826.5772023
2023-03-17,3059788682.693865
2023-03-20,3058837063.083178
2023-03-21,3060438893.3680983
2023-03-22,3060795820.6758113
2023-03-23,3060448899.626321
2023-03-24,3060005310.1607714
2023-03-27,3059328978.4631696
2023-03-28,3058628545.6310315
2023-03-29,3057547146.792344
2023-03-30,3057177433.0340667
2023-03-31,3058513076.106873
2023-04-03,3059165651.7490044
2023-04-04,3057461201.614348
2023-04-06,3056669163.889361
2023-04-07,3057598616.7609663
2023-04-10,3056134087.19479
2023-04-11,3056041484.226219
2023-04-12,3056654145.513977
2023-04-13,3055836039.727686
2023-04-14,3056176636.7974253
2023-04-17,3056772889.395424
2023-04-18,3055613998.5020423
2023-04-19,3054467843.3492594
2023-04-20,3053004157.0321426
2023-04-21,3049232472.638544
2023-04-24,3048102427.1449614
2023-04-25,3045536017.570791
2023-04-26,3046125486.4013114
2023-04-27,3046070422.2357016
2023-04-28,3047721507.375642
2023-05-04,3048417218.8537974
2023-05-05,3047248568.3025537
2023-05-08,3047657885.3446164
2023-05-09,3045883483.408825
2023-05-10,3045967328.4096127
2023-05-11,3046303971.626449
2023-05-12,3044948170.4630322
2023-05-15,3046018294.7315235
2023-05-16,3044648454.929995
2023-05-17,3045558220.713106
2023-05-18,3045719118.2868986
2023-05-19,3045698869.1696386
2023-05-22,3046132124.5136957
2023-05-23,3044636387.176507
2023-05-24,3043674350.416319
2023-05-25,3043063187.248791
2023-05-26,3043262445.954255
2023-05-29,3042191111.2623725
2023-05-30,3042609938.921261
2023-05-31,3042076268.603957
2023-06-01,3042130330.036524
2023-06-02,3043832583.4095798
2023-06-05,3044201707.820124
2023-06-06,3042326456.5666585
2023-06-07,3042454339.694868
2023-06-08,3041973205.869683
2023-06-09,3042198454.7104225
2023-06-12,3042883109.3574557
2023-06-13,3042719911.4633274
2023-06-14,3042629402.354896
2023-06-15,3043171275.07046
2023-06-16,3043619813.1516533
2023-06-19,3042700994.167457
2023-06-20,3041052517.4420304
2023-06-21,3039315338.9866524
2023-06-26,3037259658.6512804
2023-06-27,3040148366.5712495
2023-06-28,3040169761.657669
2023-06-29,3041260153.5856752
2023-06-30,3042496413.22497
2023-07-03,3043355809.019236
2023-07-04,3043616609.1042814
2023-07-05,3042960874.828234
2023-07-06,3042684155.156201
2023-07-07,3042282280.690725
2023-07-10,3042528595.932899
2023-07-11,3042803776.8868647
2023-07-12,3041754460.4610195
2023-07-13,3042581626.708658
2023-07-14,3042432195.960978
2023-07-17,3042265859.073349
2023-07-18,3042079804.3397865
2023-07-19,3041936416.5110664
2023-07-20,3040660637.1369324
2023-07-21,3040269814.1544013
2023-07-24,3040195133.0396366
2023-07-25,3042058788.4857936
2023-07-26,3041522510.706755
2023-07-27,3040749076.3626957
2023-07-28,3041349708.1809216
2023-07-31,3042111617.896176
2023-08-01,3041683897.702206
2023-08-02,3041336437.469489
2023-08-03,3041081387.4072475
2023-08-04,3040956640.3359604
2023-08-07,3040256191.339497
2023-08-08,3040009747.0656705
2023-08-09,3038746547.6170564
2023-08-10,3038946556.015941
2023-08-11,3036749875.5971885
2023-08-14,3037522718.7282996
2023-08-15,3036550349.897228
2023-08-16,3035279666.365278
2023-08-17,3037042426.549747
2023-08-18,3034946437.513822
2023-08-21,3033998127.9167423
2023-08-22,3033899628.55269
2023-08-23,3031176274.209286
2023-08-24,3030814274.524521
2023-08-25,3028706025.6674566
2023-08-28,3031834055.0212913
2023-08-29,3035995551.5000935
2023-08-30,3035954513.257464
2023-08-31,3035219717.697019
2023-09-01,3035388338.0543613
2023-09-04,3037620359.2008257
2023-09-05,3036502568.960456
2023-09-06,3036385291.070298
2023-09-07,3034526914.10102
2023-09-08,3034210748.154702
2023-09-11,3035507505.5931387
2023-09-12,3035200027.4625278
2023-09-13,3033785830.01182
2023-09-14,3032936088.769879
2023-09-15,3033199478.0294585
2023-09-18,3034196983.8736134
2023-09-19,3033171747.401848
2023-09-20,3032063570.4987273
2023-09-21,3030792865.516205
2023-09-22,3032827549.7653165
2023-09-25,3032050839.7865252
2023-09-26,3031157662.1486416
2023-09-27,3031402063.795165
2023-09-28,3032630057.931991
2023-10-09,3031731783.8144326
2023-10-10,3031078721.0632105
2023-10-11,3030854286.1204653
2023-10-12,3031511989.1363893
2023-10-13,3030224325.852811
2023-10-16,3029980792.5917234
2023-10-17,3029743665.2493615
2023-10-18,3027038464.6684895
2023-10-19,3025238904.929172
2023-10-20,3024300835.8255587
2023-10-23,3021285780.4057713
2023-10-24,3023527102.630299
2023-10-25,3025049721.0311165
2023-10-26,3025121116.4355845
2023-10-27,3026619130.4280224
2023-10-30,3027081569.2318063
2023-10-31,3026724198.505035
2023-11-01,3026741722.414453
2023-11-02,3025847983.670407
2023-11-03,3026859646.75829
2023-11-06,3028285863.9481993
2023-11-07,3028429382.320019
2023-11-08,3028452360.8759665
2023-11-09,3028270037.8959093
2023-11-10,3027870964.806975
2023-11-13,3028377678.727893
2023-11-14,3028615572.482862
2023-11-15,3029240696.056522
2023-11-16,3028445972.879589
2023-11-17,3028556981.9433627
2023-11-20,3029133650.272273
2023-11-21,3029232531.3736157
2023-11-22,3028316192.4396205
2023-11-23,3029312691.430157
2023-11-24,3028297036.674369
2023-11-27,3028023977.5365667
2023-11-28,3028581986.5745745
2023-11-29,3027535126.8140283
2023-11-30,3027207854.505096
2023-12-01,3027624079.4052033
2023-12-04,3027619855.2331986
2023-12-05,3025799070.448671
2023-12-06,3026125492.0303206
2023-12-07,3025699291.4325466
2023-12-08,3023995146.7175927
2023-12-11,3025676631.043468
2023-12-12,3026607735.011052
2023-12-13,3025333812.8156776
2023-12-14,3025150076.4187927
2023-12-15,3024535840.926403
2023-12-18,3022954389.908792
2023-12-19,3022746845.9034204
2023-12-20,3021227177.9645367
2023-12-21,3022549042.4001446
2023-12-22,3020713489.0793905
2023-12-25,3020329437.067103
2023-12-26,3018762310.162131
2023-12-27,3019712694.02859
2023-12-28,3021892451.9232583
2023-12-29,3023521613.1353254
2024-01-02,3023965268.8649583
2024-01-03,3023712148.4016356
2024-01-04,3023289084.430382
2024-01-05,3021603857.840363
2024-01-08,3019235809.028483
2024-01-09,3020101513.256379
2024-01-10,3018831944.0195775
2024-01-11,3020324086.0933127
2024-01-12,3019505313.275917
2024-01-15,3019588018.7009597
2024-01-16,3018636058.061412
2024-01-17,3015424527.1020927
2024-01-18,3014191488.1687717
2024-01-19,3012749255.8325953
2024-01-22,3005785416.9274564
2024-01-23,3006066255.0700707
2024-01-24,3007658004.671828
2024-01-25,3010033991.6345625
2024-01-26,3009502059.6527634
2024-01-29,3007366780.2013087
2024-01-30,3004551249.4456844
2024-01-31,3000850299.988189
2024-02-01,2999376489.352171
2024-02-02,2997510004.8651476
2024-02-05,2995447028.603922
2024-02-06,2997127041.9992204
2024-02-07,2998421467.3031483
2024-02-08,3000341941.3443017
2024-02-19,3001938725.767103
2024-02-20,3002583410.700347
2024-02-21,3002984117.8835154
2024-02-22,3003621860.5346384
2024-02-23,3004266233.3276854
2024-02-26,3004521041.002106
2024-02-27,3005495461.375033
2024-02-28,3003692634.059041
2024-02-29,3005583813.434294
2024-03-01,3005824522.1175847
2024-03-04,3005994738.4002156
2024-03-05,3005723971.256884
2024-03-06,3006156108.4905286
2024-03-07,3005701158.1273527
2024-03-08,3006250457.6950455
2024-03-11,3007052484.376858
2024-03-12,3007204662.956317
2024-03-13,3006926941.544467
2024-03-14,3006770790.7682953
2024-03-15,3007245016.0067043
2024-03-18,3007912341.544581
2024-03-19,3007362332.070813
2024-03-20,3007590817.5344906
2024-03-21,3007548901.8324146
2024-03-22,3006700592.330073
2024-03-25,3005791946.1510515
2024-03-26,3005643185.69796
2024-03-27,3004078949.1499743
2024-03-28,3004783648.991553
2024-03-29,3005501311.6029897
2024-04-01,3006777209.5321507
2024-04-02,3006400580.5868793
2024-04-03,3006031887.193242
2024-04-08,3005104985.370618
2024-04-09,3005723070.64968
2024-04-10,3004357976.5210333
2024-04-11,3004625243.2242503
2024-04-12,3003945607.6224504
2024-04-15,3002518903.4669147
2024-04-16,2998214244.4540315
2024-04-17,3000898080.2254558
2024-04-18,3000861757.74064
2024-04-19,3000408715.733071
2024-04-22,2999813676.7337794
2024-04-23,2999382722.6376224
2024-04-24,3000378177.0996466
2024-04-25,3000484515.1326222
2024-04-26,3001525495.388035
2024-04-29,3002899059.115902
2024-04-30,3002332718.0026
2024-05-06,3003736934.352751
2024-05-07,3003863352.52502
2024-05-08,3002841875.9589148
2024-05-09,3003402277.1806297
2024-05-10,3003071798.2047405
2024-05-13,3001996259.390872
2024-05-14,3002373750.241667
2024-05-15,3001857180.9327054
2024-05-16,3002087409.8238273
2024-05-17,3002811349.854659
2024-05-20,3003281646.602752
2024-05-21,3002393544.1685386
2024-05-22,3002400008.9625897
2024-05-23,3000173338.052476
2024-05-24,2999343097.8616524
2024-05-27,2999946338.9826717
2024-05-28,2998803176.4100895
2024-05-29,2998824358.894123
2024-05-30,2997720741.33659
2024-05-31,2997781868.075733
2024-06-03,2995986450.447906
2024-06-04,2996028236.856494
2024-06-05,2993846926.885162
2024-06-06,2991132366.9308977
2024-06-07,2991672983.823874
2024-06-11,2991734054.4924254
2024-06-12,2992652692.126069
2024-06-13,2991476341.280911
2024-06-14,2991627238.4249487
2024-06-17,2990957624.7245655
2024-06-18,2991650285.9129195
2024-06-19,2990738233.203849
2024-06-20,2988774407.9910173
2024-06-21,2988766363.070707
2024-06-24,2985276231.7677464
2024-06-25,2985456232.064881
2024-06-26,2986861598.7341404
2024-06-27,2984883491.712497
2024-06-28,2985495745.7428346
2024-07-01,2986553398.8683023
2024-07-02,2986019594.095761
2024-07-03,2985169696.6685324
2024-07-04,2982719162.612542
2024-07-05,2983318088.5235987
2024-07-08,2980983147.118378
2024-07-09,2982316007.1335416
2024-07-10,2981045559.581131
2024-07-11,2983829861.4792924
2024-07-12,2983399023.8006434
2024-07-15,2982664802.1641746
2024-07-16,2982408441.1462793
2024-07-17,2981351685.4832234
2024-07-18,2981598125.062995
2024-07-19,2981308829.8645434
2024-07-22,2981141440.4995875
2024-07-23,2979146187.56149
2024-07-24,2977475893.85294
2024-07-25,2977926494.7135334
2024-07-26,2979533133.210228
2024-07-29,2979571363.901228
2024-07-30,2979702753.6701674
2024-07-31,2982335873.501488
2024-08-01,2982189110.1667924
2024-08-02,2981323178.9891
2024-08-05,2979521484.5597186
2024-08-06,2980356904.751913
2024-08-07,2980305496.497816
2024-08-08,2980302180.128907
2024-08-09,2979688199.825752
2024-08-12,2978922252.369553
2024-08-13,2979294851.212841
2024-08-14,2978690999.573957
2024-08-15,2979358833.5469646
2024-08-16,2978273622.8880672
2024-08-19,2978203820.9083767
2024-08-20,2975971175.8131914
2024-08-21,2975489312.984489
2024-08-22,2973705040.587988
2024-08-23,2973185895.909377
2024-08-26,2973844177.527177
2024-08-27,2972314276.0944705
2024-08-28,2972535531.9000616
2024-08-29,2973360467.7440476
2024-08-30,2974927343.917302
2024-09-02,2973818610.871707
2024-09-03,2974356714.750943
2024-09-04,2973521742.75357
2024-09-05,2974165242.9016004
2024-09-06,2973004154.6077933
2024-09-09,2972313376.1617603
2024-09-10,2972177354.7141185
2024-09-11,2971317926.175881
2024-09-12,2970949432.2207084
2024-09-13,2969775592.691393
2024-09-18,2969151633.4602003
2024-09-19,2971551906.393569
2024-09-20,2970869723.13638
2024-09-23,2970864408.420984
2024-09-24,2973953944.900065
2024-09-25,2975068803.9570265
2024-09-26,2976500319.244895
2024-09-27,2978411283.876231
2024-09-30,2982686226.408889
2024-10-08,2986805496.9863105
2024-10-09,2985615653.565494
2024-10-10,2985989643.120103
2024-10-11,2985797094.005209
2024-10-14,2986331673.4401116
2024-10-15,2985878738.066092
2024-10-16,2986129914.1371098
2024-10-17,2985762093.4337873
2024-10-18,2986632699.0903563
2024-10-21,2986933183.4076257
2024-10-22,2987683603.4640527
2024-10-23,2987754938.5208464
2024-10-24,2987884661.113884
2024-10-25,2988228252.372914
2024-10-28,2988665984.823048
2024-10-29,2988257381.0237722
2024-10-30,2988209334.9284086
2024-10-31,2988368851.0449147
2024-11-01,2988080329.879628
2024-11-04,2989128505.7711563
2024-11-05,2989919277.9362707
2024-11-06,2989976608.706142
2024-11-07,2991037734.423833
2024-11-08,2991159622.5367966
2024-11-11,2991499725.0242653
2024-11-12,2991317834.463897
2024-11-13,2991422176.302218
2024-11-14,2990762129.870878
2024-11-15,2989979551.1955333
2024-11-18,2988959501.478295
2024-11-19,2989723777.645805
2024-11-20,2990602985.7528934
2024-11-21,2990675707.362891
2024-11-22,2988803135.3674355
2024-11-25,2989353822.9302335
2024-11-26,2988967823.597005
2024-11-27,2989773053.1860986
2024-11-28,2989537791.842019
2024-11-29,2990277118.3192286
2024-12-02,2991271795.1157975
2024-12-03,2991527899.9368715
2024-12-04,2990967938.504535
2024-12-05,2991483036.2196255
2024-12-06,2992091394.7308292
2024-12-09,2992136925.526901
2024-12-10,2992393754.9176984
2024-12-11,2993001937.3512883
2024-12-12,2993431466.447402
2024-12-13,2992394401.8227644
2024-12-16,2991933830.2926755
2024-12-17,2990445164.8549314
2024-12-18,2990869954.2808757
2024-12-19,2990411649.497145
2024-12-20,2990587752.6338162
2024-12-23,2988379182.905239
2024-12-24,2988884723.492558
2024-12-25,2987493075.509628
2024-12-26,2988151450.9569244
2024-12-27,2988708621.1036024
2024-12-30,2988068020.1866527
2024-12-31,2986265733.7288256
2025-01-02,2984558145.4176264
2025-01-03,2981175621.166925
2025-01-06,2980425455.4271936
2025-01-07,2981354653.692452
2025-01-08,2981336392.079025
2025-01-09,2980808271.3924375
2025-01-10,2978706855.352211
2025-01-13,2978576339.7927766
2025-01-14,2982406085.8139567
2025-01-15,2982042163.670953
2025-01-16,2982634462.095476
2025-01-17,2982673715.789676
2025-01-20,2983238901.618737
2025-01-21,2982727832.679064
2025-01-22,2981550501.325876
2025-01-23,2981080095.180143
2025-01-24,2981601784.583184
2025-01-27,2981094071.583299
2025-02-05,2981056310.2235947
2025-02-06,2982705071.6962476
2025-02-07,2983593489.194104
2025-02-10,2984455099.001739
2025-02-11,2984449240.9866323
2025-02-12,2984841560.6678023
2025-02-13,2984463607.906991
2025-02-14,2984179405.850588
2025-02-17,2984707969.4284525
2025-02-18,2983107242.44151
2025-02-19,2984140875.1300483
2025-02-20,2984272884.3321843
2025-02-21,2984263427.961797
2025-02-24,2984481910.341932
2025-02-25,2983758965.5180116
2025-02-26,2984361636.67445
2025-02-27,2984256957.4876633
2025-02-28,2982834538.7452664
2025-03-03,2983183914.750259
2025-03-04,2983911507.470654
2025-03-05,2983757229.536513
2025-03-06,2984610849.162703
2025-03-07,2984474883.740281
2025-03-10,2984974910.408169
2025-03-11,2985375346.8295584
2025-03-12,2985740612.2315884
2025-03-13,2985215888.3982453
2025-03-14,2986289401.8297706
2025-03-17,2986604850.534898
2025-03-18,2987019624.946501
2025-03-19,2986775695.591342
2025-03-20,2986568164.824929
2025-03-21,2985560556.857936
2025-03-24,2984396419.3602967
2025-03-25,2984368385.381776
2025-03-26,2985104546.3672824
2025-03-27,2984541270.4873247
2025-03-28,2983396483.2764497
2025-03-31,2981966468.684219
2025-04-01,2983336088.898514
2025-04-02,2983211228.4073505
2025-04-03,2982390181.2187314
2025-04-07,2972228504.18957
2025-04-08,2970705140.913129
2025-04-09,2971932416.869602
2025-04-10,2974159634.214269
2025-04-11,2974167454.0015016
2025-04-14,2975744709.4116735
2025-04-15,2975565843.0704465
2025-04-16,2975046312.8316483
2025-04-17,2975216000.617343
2025-04-18,2975035403.1780767
2025-04-21,2976268466.242797
2025-04-22,2976340842.96937
2025-04-23,2975932376.281187
2025-04-24,2975348725.1612616
2025-04-25,2975185346.2269096
2025-04-28,2973887176.0128694
2025-04-29,2974078635.8985963
2025-04-30,2974391658.8641863
2025-05-06,2976417443.6214375
2025-05-07,2977196341.0619307
2025-05-08,2977487514.2489004
2025-05-09,2976887487.160009
2025-05-12,2977375696.1659822
2025-05-13,2977372321.666219
2025-05-14,2977834755.9479885
2025-05-15,2977397669.2406454
2025-05-16,2977544504.3893065
2025-05-19,2978423385.5350757
2025-05-20,2979014268.0999365
2025-05-21,2978889988.971996
2025-05-22,2977976377.1197824
2025-05-23,2976841606.370336
2025-05-26,2977509890.4082503
2025-05-27,2977578351.934668
2025-05-28,2977226325.675168
2025-05-29,2978202966.592942
2025-05-30,2977337684.4391446
2025-06-03,2977620298.7628946
2025-06-04,2978555742.885192
2025-06-05,2978663435.854309
2025-06-06,2978739799.383943
2025-06-09,2979255912.399899
2025-06-10,2978870978.0400877
2025-06-11,2979255830.772989
2025-06-12,2978917062.3300037
2025-06-13,2977264514.3826714
2025-06-16,2977717600.7762375
2025-06-17,2977745011.3771844
2025-06-18,2977136426.3821197
2025-06-19,2975608786.0531363
2025-06-20,2974831856.801593
2025-06-23,2976056205.8608513
2025-06-24,2977529260.6123505
2025-06-25,2977826393.2809463
2025-06-26,2977483508.9130664
2025-06-27,2977577241.584903
2025-06-30,2978051841.625827
2025-07-01,2978254506.6854005
2025-07-02,2978148860.9216704
2025-07-03,2978266304.645554
2025-07-04,2977910850.9998426
2025-07-07,2978272830.8187637
2025-07-08,2978779100.9705544
2025-07-09,2978685436.3732834
2025-07-10,2978881856.690991
2025-07-11,2979104405.376333
2025-07-14,2979433304.1487856
2025-07-15,2978516739.6157274
2025-07-16,2979036120.4061775
2025-07-17,2979407654.32437
2025-07-18,2979493784.5206733
2025-07-21,2980499946.3865
2025-07-22,2980600487.172153
2025-07-23,2980104304.2072535
2025-07-24,2980685664.100629
2025-07-25,2980385613.6336293
2025-07-28,2980405643.9751678
2025-07-29,2980141487.0786715
2025-07-30,2979776877.506574
2025-07-31,2978692381.430695
2025-08-01,2978988224.27636
2025-08-04,2979665883.118005
2025-08-05,2980600433.9144735
2025-08-06,2980667165.220755
2025-08-07,2980590070.8368134
2025-08-08,2980720621.696345
2025-08-11,2981398168.8960614
2025-08-12,2981319268.456805
2025-08-13,2981517060.6264563
2025-08-14,2980341703.4339976
2025-08-15,2981407212.569991
2025-08-18,2982376953.968301
2025-08-19,2982913557.013814
2025-08-20,2983542252.4228997
2025-08-21,2983691820.018539
2025-08-22,2983769656.2057595
2025-08-25,2984241267.275054
2025-08-26,2984432618.7684364
2025-08-27,2983137647.504334
2025-08-28,2983001335.4332986
2025-08-29,2982508703.724576
2025-09-01,2982977804.5661907
2025-09-02,2981950711.9750934
2025-09-03,2979885613.3821263
2025-09-04,2979885474.310071
2025-09-05,2981322769.7182765
2025-09-08,2982366678.5276175
2025-09-09,2981948683.8284736
2025-09-10,2982245699.2940526
2025-09-11,2983113528.799351
2025-09-12,2982905143.466834
2025-09-15,2982709478.982209
2025-09-16,2983219538.1319575
2025-09-17,2983270828.2948637
2025-09-18,2981456733.7973633
2025-09-19,2981133313.5440435
2025-09-22,2980216411.5584097
2025-09-23,2978284658.0608015
2025-09-24,2979446604.1952543
2025-09-25,2978394141.212043
2025-09-26,2977778105.032152
2025-09-29,2978416624.1846213
2025-09-30,2978553862.005595
2025-10-09,2979130863.928478
2025-10-10,2979868789.18226
2025-10-13,2979565466.5602694
2025-10-14,2979072100.60205
2025-10-15,2980529389.0207853
2025-10-16,2979400158.1551123
2025-10-17,2977524186.9522066
2025-10-20,2978384991.4065876
2025-10-21,2980223106.993614
2025-10-22,2980238101.803963
2025-10-23,2980592072.502826
2025-10-24,2980560890.025508
2025-10-27,2980857189.3654127
2025-10-28,2980604291.8104215
2025-10-29,2980651896.991424
2025-10-30,2979045359.702328
2025-10-31,2980355876.3849607
2025-11-03,2981370234.9305735
2025-11-04,2980567694.260549
2025-11-05,2981107719.875557
2025-11-06,2981381625.613464
2025-11-07,2981090094.4983006
2025-11-10,2981857815.3946357
2025-11-11,2981789494.520999
2025-11-12,2981055591.6313953
2025-11-13,2981791246.12409
2025-11-14,2981460173.5611053
2025-11-17,2981504879.502058
2025-11-18,2980456914.629467
2025-11-19,2979159549.318281
2025-11-20,2978271299.1344767
2025-11-21,2973731643.142408
2025-11-24,2974946128.0342073
2025-11-25,2976161846.1644497
2025-11-26,2975443312.838319
2025-11-27,2975578206.5934
2025-11-28,2976671985.5472584
2025-12-01,2977372834.0761423
2025-12-02,2977015970.06511
2025-12-03,2976372398.65661
2025-12-04,2975335554.4441876
2025-12-05,2976774360.713623
2025-12-08,2977330147.115667
2025-12-09,2976477771.7432585
2025-12-10,2976673993.2824006
2025-12-11,2974095855.010098
2025-12-12,2973790295.328046
2025-12-15,2973871127.4561076
2025-12-16,2971807570.447883
2025-12-17,2972350861.8207016
2025-12-18,2972914868.904431
2025-12-19,2974474320.138674
2025-12-22,2974853070.458602
2025-12-23,2973845081.380564
2025-12-24,2974698760.3195977
2025-12-25,2975245421.289144
2025-12-26,2975214370.2484126
2025-12-29,2974881314.9150505
2025-12-30,2974272243.852479
2025-12-31,2974309351.9001546
2026-01-05,2975487880.969529
2026-01-06,2976659642.020499
2026-01-07,2976328087.9578943
2026-01-08,2977086823.285811
2026-01-09,2977935009.2379303
2026-01-12,2979075523.679242
2026-01-13,2978597704.2694197
2026-01-14,2978476522.056809
2026-01-15,2978088194.913476
2026-01-16,2977746220.0368576
2026-01-19,2979247511.7501297
2026-01-20,2979134496.24746
2026-01-21,2979076564.028336
2026-01-22,2979460565.641549
2026-01-23,2980307313.417831
2026-01-26,2979671568.8695507
2026-01-27,2978908489.8686495
2026-01-28,2978048819.9045024
2026-01-29,2978078733.347256
2026-01-30,2977669767.6428776
2026-02-02,2975468988.1392326
2026-02-03,2977005958.3496466
2026-02-04,2978131759.2677493
2026-02-05,2977722228.527878
2026-02-06,2977931749.8260136
2026-02-09,2979151898.8324256
2026-02-10,2979042110.15651
2026-02-11,2978780057.505089
2026-02-12,2978184246.657748
2026-02-13,2977430987.899738
2026-02-24,2978421679.975474
2026-02-25,2979252530.8716063
2026-02-26,2978952865.550665
2026-02-27,2979418136.0576444
2026-03-02,2977254867.7460723
2026-03-03,2973308225.6030064
2026-03-04,2972227945.3873544
2026-03-05,2973585571.6178346
2026-03-06,2975435049.339166
2026-03-09,2974418386.2401013
2026-03-10,2975832488.475914
2026-03-11,2975842638.593066
2026-03-12,2975422627.622615
2026-03-13,2974577981.5025563
2026-03-16,2974343542.187403
2026-03-17,2972964836.565787
2026-03-18,2973151418.919024
2026-03-19,2970605327.705248
2026-03-20,2967484144.1261716
2026-03-23,2960688127.8277864
2026-03-24,2963815770.1568832
2026-03-25,2965544319.643947
2026-03-26,2964567753.9483066
2026-03-27,2965424874.1442747
2026-03-30,2965433953.7815824
2026-03-31,2964357552.802655
2026-04-01,2965016384.1094604
2026-04-02,2963917969.1432548
2026-04-03,2961958062.5377874
2026-04-07,2963129634.4467287
2026-04-08,2966189751.097337
2026-04-09,2965063811.7824864
2026-04-10,2965516479.85775
2026-04-13,2965652596.930833
2026-04-14,2966002568.8238707
2026-04-15,2966039794.036764
2026-04-16,2966855802.674049
2026-04-17,2966553266.1889853
2026-04-20,2967115473.3563676
2026-04-21,2967096518.882864
2026-04-22,2967104741.5785327
2026-04-23,2966273930.4481454
2026-04-24,2965565586.4348454
2026-04-27,2965784082.59916
2026-04-28,2965447174.8473787
2026-04-29,2966462546.6437817
2026-04-30,2966366597.8229027
2026-05-06,2966995905.6815414
2026-05-07,2967317117.562238
2026-05-08,2967707559.4295764
2026-05-11,2967751256.4363008
2026-05-12,2966736859.510536
2026-05-13,2966898226.330472
2026-05-14,2965430261.366921
2026-05-15,2964223901.056071
2026-05-18,2963314548.3282666
2026-05-19,2964189104.4111323
2026-05-20,2962987131.161994
2026-05-21,2960448916.7646766
2026-05-22,2961271246.9984326
2026-05-25,2960894706.249257
2026-05-26,2960027719.034103
2026-05-27,2958126248.0753865
2026-05-28,2957694889.4076557
2026-05-29,2956645198.4266825
2026-06-01,2958181523.236524
2026-06-02,2957190293.049528
2026-06-03,2956328185.1042743
2026-06-04,2954858541.4771314
2026-06-05,2955007406.7116747
2026-06-08,2951899077.6313367
2026-06-09,2952435984.084907
2026-06-10,2951329091.7828016
2026-06-11,2949981080.898222
2026-06-12,2951211469.064406
2026-06-15,2952432332.6619787
2026-06-16,2952013074.6633806
2026-06-17,2950772282.3380575
2026-06-18,2949504243.568857
2026-06-22,2949977644.8787513
2026-06-23,2949577560.1381464
2026-06-24,2947966511.3729906
2026-06-25,2946513037.947386
2026-06-26,2943695209.4481897
2026-06-29,2944033543.0634766
2026-06-30,2943868609.3480372
2026-07-01,2946074830.065533
2026-07-02,2945967110.3205366
2026-07-03,2946617118.4277616
2026-07-06,2945971191.849427
2026-07-07,2943329992.5418797
2026-07-08,2941760365.703532
2026-07-09,2941469333.997667
2026-07-10,2942679491.5671806
2026-07-13,2939736298.526709
2026-07-14,2941060759.3598437
2026-07-15,2941072752.62335
2026-07-16,2940365279.22251
2026-07-17,2937500707.390154
2026-07-20,2936808144.4371657
2026-07-21,2936724285.2798967
2026-07-22,2936415051.7160044
2026-07-23,2937974249.6983423
2026-07-24,2935750229.4737597
2026-07-27,2937693266.112739
2026-07-28,2937216058.2566047
2026-07-29,2938142000.245524
2026-07-30,2937211351.4070516
2026-07-31,2938351489.8067565
2026-08-03,2938851552.3412743
2026-08-04,2939617203.0375814
2026-08-05,2940603235.5182734
2026-08-06,2940860356.7987447
2026-08-07,2941041414.765228
2026-08-10,2941973001.0504622
2026-08-11,2941922283.0356617
2026-08-12,2942505542.6041026
2026-08-13,2941842455.8947573
2026-08-14,2941521397.4042335
2026-08-17,2942314806.894321
2026-08-18,2942008479.2687645
2026-08-19,2940004157.2659383
2026-08-20,2940533281.4029927
2026-08-21,2940514969.8004646
2026-08-24,2940030330.3643684
2026-08-25,2941236954.8218827
2026-08-26,2941619998.021011
2026-08-27,2942187291.2266164
2026-08-28,2942435552.5394897
2026-08-31,2942569528.2481875
2026-09-01,2943037726.262471
2026-09-02,2942649514.5740747
2026-09-03,2942653107.2226796
2026-09-04,2942653107.2226796
2026-09-07,2942653107.2226796
2026-09-08,2942653107.2226796
